{"stats":{"minecraft:dropped":{"minecraft:stone_axe":1,"minecraft:wheat_seeds":36,"minecraft:dark_oak_planks":49,"minecraft:egg":2},"minecraft:custom":{"minecraft:interact_with_furnace":5,"minecraft:mob_kills":4,"minecraft:animals_bred":1,"minecraft:interact_with_crafting_table":29,"minecraft:play_one_minute":129476,"minecraft:leave_game":1,"minecraft:time_since_death":36083,"minecraft:time_since_rest":36121,"minecraft:sprint_one_cm":3404,"minecraft:damage_taken":270,"minecraft:walk_one_cm":723802,"minecraft:drop":6,"minecraft:damage_dealt":891,"minecraft:fly_one_cm":1456,"minecraft:open_chest":11,"minecraft:crouch_one_cm":1505,"minecraft:deaths":1,"minecraft:sneak_time":1014,"minecraft:walk_under_water_one_cm":1681,"minecraft:jump":965,"minecraft:walk_on_water_one_cm":3313,"minecraft:fall_one_cm":8884},"minecraft:broken":{"minecraft:stone_pickaxe":1,"minecraft:stone_axe":1,"minecraft:iron_pickaxe":1,"minecraft:wooden_axe":1,"minecraft:wooden_pickaxe":1},"minecraft:killed_by":{"minecraft:skeleton":1},"minecraft:killed":{"minecraft:zombie":3,"minecraft:chicken":1},"minecraft:picked_up":{"minecraft:crafting_table":4,"minecraft:azure_bluet":9,"minecraft:chicken":1,"minecraft:andesite":4,"minecraft:brown_mushroom":4,"minecraft:oak_log":18,"minecraft:gunpowder":2,"minecraft:dirt":408,"minecraft:apple":2,"minecraft:wheat_seeds":50,"minecraft:iron_ingot":1,"minecraft:iron_ore":13,"minecraft:iron_pickaxe":1,"minecraft:sugar_cane":13,"minecraft:dark_oak_stairs":21,"minecraft:egg":10,"minecraft:dark_oak_door":1,"minecraft:dark_oak_sapling":14,"minecraft:stick":1,"minecraft:torch":17,"minecraft:sand":10,"minecraft:diorite":216,"minecraft:dark_oak_fence_gate":2,"minecraft:dark_oak_log":209,"minecraft:dark_oak_planks":308,"minecraft:stone_sword":1,"minecraft:stone_shovel":1,"minecraft:rotten_flesh":4,"minecraft:polished_diorite":1,"minecraft:stone_axe":2,"minecraft:oak_sapling":5,"minecraft:stripped_dark_oak_log":1,"minecraft:dark_oak_fence":34,"minecraft:coal":162,"minecraft:cobblestone":401,"minecraft:oxeye_daisy":1},"minecraft:crafted":{"minecraft:oak_planks":32,"minecraft:stone_shovel":1,"minecraft:dark_oak_pressure_plate":2,"minecraft:dark_oak_stairs":50,"minecraft:crafting_table":2,"minecraft:wooden_pickaxe":1,"minecraft:furnace":1,"minecraft:sign":2,"minecraft:stone_axe":3,"minecraft:dark_oak_door":3,"minecraft:glass":3,"minecraft:dark_oak_fence":42,"minecraft:polished_diorite":4,"minecraft:stick":86,"minecraft:iron_pickaxe":2,"minecraft:iron_ingot":12,"minecraft:stone_pickaxe":1,"minecraft:wooden_axe":1,"minecraft:stone_sword":1,"minecraft:chest":2,"minecraft:dark_oak_fence_gate":2,"minecraft:dark_oak_planks":826,"minecraft:torch":90},"minecraft:used":{"minecraft:dark_oak_stairs":59,"minecraft:stone_sword":39,"minecraft:stone_shovel":86,"minecraft:stone_pickaxe":131,"minecraft:chest":2,"minecraft:wooden_pickaxe":60,"minecraft:sugar_cane":12,"minecraft:torch":80,"minecraft:dirt":118,"minecraft:sand":1,"minecraft:crafting_table":4,"minecraft:dark_oak_fence_gate":4,"minecraft:polished_diorite":1,"minecraft:dark_oak_door":2,"minecraft:glass":3,"minecraft:wooden_axe":60,"minecraft:dark_oak_planks":228,"minecraft:dark_oak_log":1,"minecraft:iron_pickaxe":321,"minecraft:sign":3,"minecraft:stone_axe":255,"minecraft:cobblestone":30,"minecraft:dark_oak_pressure_plate":2,"minecraft:furnace":1,"minecraft:dark_oak_fence":79,"minecraft:egg":6},"minecraft:mined":{"minecraft:dark_oak_planks":20,"minecraft:brown_mushroom":4,"minecraft:dark_oak_leaves":8,"minecraft:stripped_dark_oak_log":1,"minecraft:dark_oak_log":213,"minecraft:crafting_table":3,"minecraft:torch":3,"minecraft:dark_oak_fence":35,"minecraft:grass_block":128,"minecraft:mushroom_stem":2,"minecraft:cobblestone":1,"minecraft:tall_grass":2,"minecraft:polished_diorite":1,"minecraft:sugar_cane":13,"minecraft:diorite":143,"minecraft:oxeye_daisy":1,"minecraft:wall_torch":5,"minecraft:iron_ore":12,"minecraft:andesite":4,"minecraft:dark_oak_fence_gate":2,"minecraft:azure_bluet":10,"minecraft:dark_oak_stairs":21,"minecraft:grass":414,"minecraft:coal_ore":91,"minecraft:oak_log":14,"minecraft:sand":6,"minecraft:dirt":105,"minecraft:stone":257,"minecraft:oak_leaves":108}},"DataVersion":1628}