{"stats":{"minecraft:dropped":{"minecraft:dark_oak_stairs":2,"minecraft:wheat_seeds":4,"minecraft:sand":1},"minecraft:custom":{"minecraft:interact_with_furnace":50,"minecraft:mob_kills":6,"minecraft:animals_bred":3,"minecraft:interact_with_crafting_table":36,"minecraft:play_one_minute":133239,"minecraft:leave_game":3,"minecraft:time_since_death":40222,"minecraft:time_since_rest":40246,"minecraft:sprint_one_cm":155767,"minecraft:damage_taken":600,"minecraft:walk_one_cm":574048,"minecraft:drop":7,"minecraft:damage_dealt":958,"minecraft:fly_one_cm":113967,"minecraft:open_chest":59,"minecraft:crouch_one_cm":7726,"minecraft:deaths":2,"minecraft:sneak_time":2927,"minecraft:walk_under_water_one_cm":4032,"minecraft:jump":1705,"minecraft:walk_on_water_one_cm":7173,"minecraft:fall_one_cm":30359},"minecraft:broken":{"minecraft:stone_pickaxe":4,"minecraft:wooden_pickaxe":1},"minecraft:killed_by":{"minecraft:spider":1},"minecraft:killed":{"minecraft:spider":1,"minecraft:creeper":1,"minecraft:skeleton":1,"minecraft:zombie":3},"minecraft:picked_up":{"minecraft:crafting_table":1,"minecraft:wheat":46,"minecraft:azure_bluet":1,"minecraft:andesite":51,"minecraft:flint":1,"minecraft:oak_log":5,"minecraft:cobblestone_stairs":1,"minecraft:dirt":114,"minecraft:bone":1,"minecraft:apple":2,"minecraft:wheat_seeds":170,"minecraft:iron_ore":48,"minecraft:cobblestone_slab":1,"minecraft:poppy":3,"minecraft:sugar_cane":81,"minecraft:dark_oak_stairs":2,"minecraft:egg":3,"minecraft:dark_oak_door":2,"minecraft:dark_oak_sapling":1,"minecraft:torch":33,"minecraft:gravel":3,"minecraft:sand":1,"minecraft:diorite":20,"minecraft:dark_oak_log":96,"minecraft:dark_oak_planks":4,"minecraft:rotten_flesh":3,"minecraft:granite":36,"minecraft:oak_sapling":7,"minecraft:dark_oak_fence":1,"minecraft:coal":111,"minecraft:cobblestone":693},"minecraft:crafted":{"minecraft:cobblestone_slab":18,"minecraft:stone_shovel":1,"minecraft:dark_oak_pressure_plate":1,"minecraft:crafting_table":3,"minecraft:wooden_pickaxe":1,"minecraft:furnace":2,"minecraft:cobblestone_stairs":8,"minecraft:stone":34,"minecraft:bucket":1,"minecraft:dark_oak_button":11,"minecraft:sign":3,"minecraft:stone_axe":1,"minecraft:air":0,"minecraft:dark_oak_door":3,"minecraft:dark_oak_fence":12,"minecraft:stick":60,"minecraft:iron_ingot":32,"minecraft:iron_pickaxe":1,"minecraft:stone_pickaxe":9,"minecraft:stone_sword":1,"minecraft:chest":9,"minecraft:dark_oak_planks":172,"minecraft:torch":60,"minecraft:stone_hoe":1},"minecraft:used":{"minecraft:wheat_seeds":138,"minecraft:water_bucket":10,"minecraft:stone_sword":37,"minecraft:cobblestone_stairs":6,"minecraft:stone_shovel":97,"minecraft:stone_pickaxe":902,"minecraft:poppy":2,"minecraft:chest":9,"minecraft:wooden_pickaxe":59,"minecraft:stone":32,"minecraft:cobblestone_slab":10,"minecraft:sugar_cane":38,"minecraft:stone_hoe":110,"minecraft:rotten_flesh":3,"minecraft:torch":70,"minecraft:dirt":112,"minecraft:crafting_table":4,"minecraft:dark_oak_door":4,"minecraft:dark_oak_planks":4,"minecraft:apple":2,"minecraft:dark_oak_log":10,"minecraft:sign":3,"minecraft:stone_axe":93,"minecraft:cobblestone":184,"minecraft:dark_oak_pressure_plate":1,"minecraft:furnace":2,"minecraft:oak_sapling":6,"minecraft:dark_oak_fence":13,"minecraft:bucket":11,"minecraft:egg":3},"minecraft:mined":{"minecraft:dark_oak_planks":4,"minecraft:farmland":1,"minecraft:oak_sapling":1,"minecraft:dark_oak_leaves":3,"minecraft:cobblestone_stairs":1,"minecraft:dark_oak_log":92,"minecraft:crafting_table":1,"minecraft:torch":2,"minecraft:granite":22,"minecraft:grass_block":65,"minecraft:poppy":2,"minecraft:cobblestone":43,"minecraft:sugar_cane":71,"minecraft:diorite":20,"minecraft:wall_torch":10,"minecraft:iron_ore":49,"minecraft:wheat":73,"minecraft:andesite":51,"minecraft:azure_bluet":1,"minecraft:grass":342,"minecraft:oak_log":5,"minecraft:coal_ore":127,"minecraft:cobblestone_slab":1,"minecraft:gravel":4,"minecraft:sand":2,"minecraft:dirt":51,"minecraft:red_mushroom_block":2,"minecraft:stone":645,"minecraft:oak_leaves":4}},"DataVersion":1628}